Location,Population,Income,latitude,longitude,east_west,municipality_profile,coordinates
Albany,1657,47583,32.723452,-99.2973005,west,https://directory.tml.org/profile/city/1719,"[32.723452, -99.2973005]"
Alpine,5884,43583,30.3561488,-103.6696958,west,https://directory.tml.org/profile/city/1722,"[30.3561488, -103.6696958]"
Ames,1082,29250,30.0538261,-94.7435327,east,https://directory.tml.org/profile/city/1437,"[30.0538261, -94.7435327]"
Anderson,301,42917,30.4876971,-95.9924515,east,https://directory.tml.org/profile/city/1477,"[30.4876971, -95.9924515]"
Angus,450,48150,32.0051302,-96.437309,east,https://directory.tml.org/profile/city/12,"[32.0051302, -96.437309]"
Anson,2011,42375,32.7565042,-99.896207,west,https://directory.tml.org/profile/city/1287,"[32.7565042, -99.896207]"
Anton,1075,44423,33.8112013,-102.1637854,west,https://directory.tml.org/profile/city/1289,"[33.8112013, -102.1637854]"
Aquilla,145,36875,31.8515484,-97.2180635,east,https://directory.tml.org/profile/city/1290,"[31.8515484, -97.2180635]"
Archer City,1690,41339,33.5956593,-98.6256128,west,https://directory.tml.org/profile/city/1292,"[33.5956593, -98.6256128]"
Arp,1483,52875,32.2254332,-95.0577207,east,https://directory.tml.org/profile/city/1296,"[32.2254332, -95.0577207]"
Asherton,698,21716,28.4435988,-99.7589404,west,https://directory.tml.org/profile/city/20,"[28.4435988, -99.7589404]"
Austwell,111,51944,28.3902814,-96.842208,east,https://directory.tml.org/profile/city/1302,"[28.3902814, -96.842208]"
Bailey,235,39500,33.4320531,-96.1658091,east,https://directory.tml.org/profile/city/24,"[33.4320531, -96.1658091]"
Baird,1671,51711,32.3940168,-99.3942436,west,https://directory.tml.org/profile/city/1306,"[32.3940168, -99.3942436]"
Balcones Heights,2743,27431,29.489263,-98.5506185,east,https://directory.tml.org/profile/city/1308,"[29.489263, -98.5506185]"
Ballinger,3567,47329,31.7382062,-99.9473077,west,https://directory.tml.org/profile/city/1309,"[31.7382062, -99.9473077]"
Bandera,453,32500,29.7266131,-99.0736462,west,https://directory.tml.org/profile/city/1311,"[29.7266131, -99.0736462]"
Bangs,1653,44167,31.7170958,-99.1325528,west,https://directory.tml.org/profile/city/1312,"[31.7170958, -99.1325528]"
Bardwell,679,46571,32.2690354,-96.6961027,east,https://directory.tml.org/profile/city/26,"[32.2690354, -96.6961027]"
Barstow,283,30833,31.4612451,-103.3937815,west,https://directory.tml.org/profile/city/1313,"[31.4612451, -103.3937815]"
Bartlett,1684,52946,30.7949121,-97.4255583,east,https://directory.tml.org/profile/city/1314,"[30.7949121, -97.4255583]"
Beckville,840,45240,32.2429366,-94.4554782,east,https://directory.tml.org/profile/city/30,"[32.2429366, -94.4554782]"
Bedias,302,0,30.7757486,-95.949397,east,https://directory.tml.org/profile/city/240,"[30.7757486, -95.949397]"
Benavides,1231,51848,27.5989194,-98.4080661,east,https://directory.tml.org/profile/city/32,"[27.5989194, -98.4080661]"
Benjamin,238,35375,33.5839808,-99.7923132,west,https://directory.tml.org/profile/city/1328,"[33.5839808, -99.7923132]"
Beverly Hills,2457,45391,31.5215557,-97.1538919,east,https://directory.tml.org/profile/city/1331,"[31.5215557, -97.1538919]"
Big Wells,503,26420,28.5733162,-99.5686565,west,https://directory.tml.org/profile/city/37,"[28.5733162, -99.5686565]"
Bishop,3185,41397,27.5861441,-97.7991636,east,https://directory.tml.org/profile/city/1335,"[27.5861441, -97.7991636]"
Blackwell,177,0,32.0868017,-100.3175971,west,https://directory.tml.org/profile/city/38,"[32.0868017, -100.3175971]"
Blossom,1404,52500,33.6614962,-95.3857864,east,https://directory.tml.org/profile/city/1339,"[33.6614962, -95.3857864]"
Bogata,1046,27868,33.4706655,-95.2138351,east,https://directory.tml.org/profile/city/1344,"[33.4706655, -95.2138351]"
Bovina,1409,37521,34.5136823,-102.8829977,west,https://directory.tml.org/profile/city/1348,"[34.5136823, -102.8829977]"
Bowie,5359,54440,33.5589953,-97.8486457,west,https://directory.tml.org/profile/city/1349,"[33.5589953, -97.8486457]"
Brackettville,1492,24145,29.3105125,-100.4178563,west,https://directory.tml.org/profile/city/1351,"[29.3105125, -100.4178563]"
Brady,5129,39384,31.1351682,-99.3350552,west,https://directory.tml.org/profile/city/1352,"[31.1351682, -99.3350552]"
Brazoria,2894,54671,29.0444147,-95.5691126,east,https://directory.tml.org/profile/city/1353,"[29.0444147, -95.5691126]"
Breckenridge,5258,39191,32.7556768,-98.9022898,west,https://directory.tml.org/profile/city/1354,"[32.7556768, -98.9022898]"
Brookshire,5188,52037,29.7860643,-95.9510661,east,https://directory.tml.org/profile/city/620,"[29.7860643, -95.9510661]"
Browndell,102,0,31.1260943,-93.9801176,east,https://directory.tml.org/profile/city/46,"[31.1260943, -93.9801176]"
Brownfield,9065,45557,33.1812035,-102.2743489,west,https://directory.tml.org/profile/city/1362,"[33.1812035, -102.2743489]"
Brownsboro,1568,50893,32.3023706,-95.6135715,east,https://directory.tml.org/profile/city/45,"[32.3023706, -95.6135715]"
Buffalo,1719,42344,31.4637866,-96.0580197,east,https://directory.tml.org/profile/city/1368,"[31.4637866, -96.0580197]"
Burke,650,42708,31.2313075,-94.7688688,east,https://directory.tml.org/profile/city/51,"[31.2313075, -94.7688688]"
Byers,377,48281,34.0681503,-98.1905989,west,https://directory.tml.org/profile/city/53,"[34.0681503, -98.1905989]"
Cactus,3088,39932,36.0522574,-102.0023992,west,https://directory.tml.org/profile/city/54,"[36.0522574, -102.0023992]"
Caldwell,4013,53892,30.5313152,-96.6930303,east,https://directory.tml.org/profile/city/1375,"[30.5313152, -96.6930303]"
Cameron,5350,50629,30.8532454,-96.9769304,east,https://directory.tml.org/profile/city/1378,"[30.8532454, -96.9769304]"
Campbell,929,48538,33.149386,-95.9513214,east,https://directory.tml.org/profile/city/58,"[33.149386, -95.9513214]"
Camp Wood,1020,41131,29.6693924,-100.0122911,west,https://directory.tml.org/profile/city/1379,"[29.6693924, -100.0122911]"
Canadian,2379,49271,35.91282,-100.3820772,west,https://directory.tml.org/profile/city/1380,"[35.91282, -100.3820772]"
Canton,4141,50846,32.5565244,-95.8632996,east,https://directory.tml.org/profile/city/1381,"[32.5565244, -95.8632996]"
Carmine,238,52813,30.1493838,-96.6860862,east,https://directory.tml.org/profile/city/1383,"[30.1493838, -96.6860862]"
Carrizo Springs,5014,22167,28.5219292,-99.8606107,west,https://directory.tml.org/profile/city/1384,"[28.5219292, -99.8606107]"
Carthage,6510,44951,32.1573841,-94.3374199,east,https://directory.tml.org/profile/city/1386,"[32.1573841, -94.3374199]"
Celeste,969,42500,33.2942917,-96.1952061,east,https://directory.tml.org/profile/city/1171,"[33.2942917, -96.1952061]"
Centerville,975,27011,31.2579584,-95.978292,east,https://directory.tml.org/profile/city/1172,"[31.2579584, -95.978292]"
Chandler,3218,49328,32.3079269,-95.479957,east,https://directory.tml.org/profile/city/1173,"[32.3079269, -95.479957]"
Channing,249,48958,35.6836536,-102.3301953,west,https://directory.tml.org/profile/city/64,"[35.6836536, -102.3301953]"
Charlotte,1426,32206,28.8619201,-98.7064121,east,https://directory.tml.org/profile/city/1174,"[28.8619201, -98.7064121]"
Childress,5751,47308,34.4264529,-100.2040019,west,https://directory.tml.org/profile/city/1176,"[34.4264529, -100.2040019]"
Chireno,583,41591,31.5076007,-94.3543659,east,https://directory.tml.org/profile/city/1411,"[31.5076007, -94.3543659]"
Cisco,3851,54583,32.3881861,-98.9792336,west,https://directory.tml.org/profile/city/1180,"[32.3881861, -98.9792336]"
Clarendon,1745,44653,34.9378289,-100.8881993,west,https://directory.tml.org/profile/city/1181,"[34.9378289, -100.8881993]"
Clarksville,2862,35813,33.6106648,-95.052722,east,https://directory.tml.org/profile/city/1182,"[33.6106648, -95.052722]"
Cleveland,7515,48019,30.34132,-95.0854885,east,https://directory.tml.org/profile/city/1187,"[30.34132, -95.0854885]"
Clyde,3816,51184,32.4059605,-99.4936912,west,https://directory.tml.org/profile/city/1190,"[32.4059605, -99.4936912]"
Cockrell Hill,3858,54088,32.7362421,-96.8869481,east,https://directory.tml.org/profile/city/1191,"[32.7362421, -96.8869481]"
Coldspring,1047,37188,30.592606,-95.1293175,east,https://directory.tml.org/profile/city/70,"[30.592606, -95.1293175]"
Coleman,3998,44515,31.8273679,-99.4264532,west,https://directory.tml.org/profile/city/1192,"[31.8273679, -99.4264532]"
Colmesneil,718,51728,30.9093987,-94.4226266,east,https://directory.tml.org/profile/city/1196,"[30.9093987, -94.4226266]"
Colorado City,4259,43550,32.3881745,-100.8645576,west,https://directory.tml.org/profile/city/1197,"[32.3881745, -100.8645576]"
Columbus,3582,54713,29.7066232,-96.5396933,east,https://directory.tml.org/profile/city/1198,"[29.7066232, -96.5396933]"
Comanche,4171,44973,31.8973693,-98.6036581,west,https://directory.tml.org/profile/city/1199,"[31.8973693, -98.6036581]"
Commerce,8667,37684,33.2472808,-95.9114704,east,https://directory.tml.org/profile/city/1200,"[33.2472808, -95.9114704]"
Cool,144,50625,32.8001288,-98.001153,west,https://directory.tml.org/profile/city/1699,"[32.8001288, -98.001153]"
Cooper,1882,40650,33.3734427,-95.6882925,east,https://directory.tml.org/profile/city/1204,"[33.3734427, -95.6882925]"
Cottonwood Shores,1630,44871,30.5557453,-98.3239126,east,https://directory.tml.org/profile/city/585,"[30.5557453, -98.3239126]"
Covington,323,45750,32.1784832,-97.2580677,east,https://directory.tml.org/profile/city/1212,"[32.1784832, -97.2580677]"
Coyote Flats,361,53393,32.3641082,-97.2974123,east,https://directory.tml.org/profile/city/49605,"[32.3641082, -97.2974123]"
Cranfills Gap,225,41563,31.7737659,-97.8258601,east,https://directory.tml.org/profile/city/1215,"[31.7737659, -97.8258601]"
Creedmoor,349,51250,30.0899368,-97.7338917,east,https://directory.tml.org/profile/city/81,"[30.0899368, -97.7338917]"
Crockett,6441,30875,31.3177591,-95.4571905,east,https://directory.tml.org/profile/city/1216,"[31.3177591, -95.4571905]"
Crosbyton,1597,43480,33.6600847,-101.2379276,west,https://directory.tml.org/profile/city/1217,"[33.6600847, -101.2379276]"
Crowell,594,29167,33.983973,-99.7248158,west,https://directory.tml.org/profile/city/1220,"[33.983973, -99.7248158]"
Crystal City,6504,44328,28.6774795,-99.8281104,west,https://directory.tml.org/profile/city/82,"[28.6774795, -99.8281104]"
Cuero,8200,48247,29.0938652,-97.2891568,east,https://directory.tml.org/profile/city/1222,"[29.0938652, -97.2891568]"
Daingerfield,2492,34926,33.031793,-94.7218731,east,https://directory.tml.org/profile/city/1224,"[33.031793, -94.7218731]"
Dayton,8569,51717,30.0466051,-94.8852026,east,https://directory.tml.org/profile/city/1231,"[30.0466051, -94.8852026]"
Dayton Lakes,51,14500,30.1446577,-94.8221464,east,https://directory.tml.org/profile/city/1232,"[30.1446577, -94.8221464]"
Dean,445,47125,33.9503748,-98.34616,west,https://directory.tml.org/profile/city/1649,"[33.9503748, -98.34616]"
De Kalb,1617,35958,33.5087256,-94.616319,east,https://directory.tml.org/profile/city/1235,"[33.5087256, -94.616319]"
De Leon,1896,34276,32.1109743,-98.5358825,west,https://directory.tml.org/profile/city/1236,"[32.1109743, -98.5358825]"
Dell City,82,35104,31.9387239,-105.2013453,west,https://directory.tml.org/profile/city/1237,"[31.9387239, -105.2013453]"
Deport,853,42321,33.5262198,-95.3157832,east,https://directory.tml.org/profile/city/93,"[33.5262198, -95.3157832]"
Devine,4349,33478,29.1399633,-98.905306,west,https://directory.tml.org/profile/city/1244,"[29.1399633, -98.905306]"
Diboll,4562,52717,31.1922292,-94.7807858,east,https://directory.tml.org/profile/city/1245,"[31.1922292, -94.7807858]"
Dickens,182,38625,33.6217516,-100.836521,west,https://directory.tml.org/profile/city/1246,"[33.6217516, -100.836521]"
Dilley,3404,50278,28.6674802,-99.1705887,west,https://directory.tml.org/profile/city/1248,"[28.6674802, -99.1705887]"
Driscoll,752,32826,27.6744741,-97.7486072,east,https://directory.tml.org/profile/city/1252,"[27.6744741, -97.7486072]"
Dublin,3426,45664,32.085143,-98.3419882,west,https://directory.tml.org/profile/city/1253,"[32.085143, -98.3419882]"
Eagle Lake,3487,43689,29.5896836,-96.3335769,east,https://directory.tml.org/profile/city/1256,"[29.5896836, -96.3335769]"
Earth,941,39293,34.2331373,-102.4107493,west,https://directory.tml.org/profile/city/1259,"[34.2331373, -102.4107493]"
Eastland,3647,41623,32.4015198,-98.8175623,west,https://directory.tml.org/profile/city/1260,"[32.4015198, -98.8175623]"
Easton,425,30368,32.3873755,-94.5829828,east,https://directory.tml.org/profile/city/101,"[32.3873755, -94.5829828]"
East Tawakoni,987,46667,32.8842886,-95.9291335,east,https://directory.tml.org/profile/city/1262,"[32.8842886, -95.9291335]"
Ector,965,54167,33.5773281,-96.2733145,east,https://directory.tml.org/profile/city/1263,"[33.5773281, -96.2733145]"
Edcouch,2786,38019,26.2939604,-97.9605574,east,https://directory.tml.org/profile/city/400,"[26.2939604, -97.9605574]"
Eden,1790,32436,31.216276,-99.8456277,west,https://directory.tml.org/profile/city/1264,"[31.216276, -99.8456277]"
El Cenizo,2632,24286,27.3321558,-99.5037134,east,https://directory.tml.org/profile/city/1490,"[27.3321558, -99.5037134]"
Eldorado,2034,46140,30.8601745,-100.6009299,west,https://directory.tml.org/profile/city/1270,"[30.8601745, -100.6009299]"
Electra,2163,37083,34.0292588,-98.9189575,west,https://directory.tml.org/profile/city/1271,"[34.0292588, -98.9189575]"
Elsa,5783,47196,26.2934048,-97.9930588,east,https://directory.tml.org/profile/city/1277,"[26.2934048, -97.9930588]"
Emory,1536,45833,32.874566,-95.7655183,east,https://directory.tml.org/profile/city/1278,"[32.874566, -95.7655183]"
Encinal,1291,44528,28.041117,-99.3544787,west,https://directory.tml.org/profile/city/105,"[28.041117, -99.3544787]"
Escobares,2574,28203,26.4106186,-98.9625293,east,https://directory.tml.org/profile/city/28576,"[26.4106186, -98.9625293]"
Eureka,195,50833,32.0126567,-96.29581,east,https://directory.tml.org/profile/city/1650,"[32.0126567, -96.29581]"
Eustace,1480,45398,32.3070902,-96.0066353,east,https://directory.tml.org/profile/city/1065,"[32.3070902, -96.0066353]"
Everman,6148,45581,32.630968,-97.2891817,east,https://directory.tml.org/profile/city/1067,"[32.630968, -97.2891817]"
Falfurrias,4532,27419,27.2269872,-98.1441714,east,https://directory.tml.org/profile/city/1069,"[27.2269872, -98.1441714]"
Farmersville,3591,0,33.1634493,-96.3599821,east,https://directory.tml.org/profile/city/1072,"[33.1634493, -96.3599821]"
Farwell,1565,50833,34.383409,-103.0380016,west,https://directory.tml.org/profile/city/1073,"[34.383409, -103.0380016]"
Fayetteville,312,54231,29.9057817,-96.6727528,east,https://directory.tml.org/profile/city/1075,"[29.9057817, -96.6727528]"
Florence,1093,40000,30.8412954,-97.7936268,east,https://directory.tml.org/profile/city/1078,"[30.8412954, -97.7936268]"
Floresville,7138,45769,29.1335781,-98.1561192,east,https://directory.tml.org/profile/city/1079,"[29.1335781, -98.1561192]"
Floydada,2700,45273,33.9845232,-101.3376574,west,https://directory.tml.org/profile/city/1081,"[33.9845232, -101.3376574]"
Fort Stockton,8433,54850,30.8940431,-102.8793222,west,https://directory.tml.org/profile/city/1085,"[30.8940431, -102.8793222]"
Franklin,1358,48625,31.0260194,-96.4852444,east,https://directory.tml.org/profile/city/1087,"[31.0260194, -96.4852444]"
Fruitvale,551,45625,32.6831851,-95.8032979,east,https://directory.tml.org/profile/city/113,"[32.6831851, -95.8032979]"
Ganado,2052,49675,29.0405363,-96.5135831,east,https://directory.tml.org/profile/city/1100,"[29.0405363, -96.5135831]"
Garrison,1123,42524,31.8240279,-94.4908377,east,https://directory.tml.org/profile/city/1103,"[31.8240279, -94.4908377]"
George West,3106,37250,28.3325002,-98.1175054,east,https://directory.tml.org/profile/city/1107,"[28.3325002, -98.1175054]"
Gholson,1346,54821,31.7009962,-97.2163956,east,https://directory.tml.org/profile/city/120,"[31.7009962, -97.2163956]"
Gilmer,4802,38240,32.7287472,-94.9424379,east,https://directory.tml.org/profile/city/1109,"[32.7287472, -94.9424379]"
Gladewater,6189,43750,32.5365333,-94.9427168,east,https://directory.tml.org/profile/city/1110,"[32.5365333, -94.9427168]"
Goldthwaite,1663,46615,31.4498855,-98.5708763,west,https://directory.tml.org/profile/city/465,"[31.4498855, -98.5708763]"
Goliad,1759,36047,28.6683252,-97.3883265,east,https://directory.tml.org/profile/city/1115,"[28.6683252, -97.3883265]"
Gonzales,7138,47694,29.5016257,-97.4524926,east,https://directory.tml.org/profile/city/1116,"[29.5016257, -97.4524926]"
Goodlow,343,0,32.1088791,-96.2150328,east,https://directory.tml.org/profile/city/122,"[32.1088791, -96.2150328]"
Goodrich,294,36875,30.6060537,-94.9472634,east,https://directory.tml.org/profile/city/1117,"[30.6060537, -94.9472634]"
Goree,282,31500,33.4673183,-99.5245276,west,https://directory.tml.org/profile/city/1592,"[33.4673183, -99.5245276]"
Gorman,1388,22880,32.2137484,-98.6706106,west,https://directory.tml.org/profile/city/1119,"[32.2137484, -98.6706106]"
Graford,699,42813,32.9376218,-98.2469919,west,https://directory.tml.org/profile/city/1120,"[32.9376218, -98.2469919]"
Graham,8718,47307,33.1070597,-98.589502,west,https://directory.tml.org/profile/city/1121,"[33.1070597, -98.589502]"
Grand Saline,3093,45563,32.6734636,-95.7094069,east,https://directory.tml.org/profile/city/1125,"[32.6734636, -95.7094069]"
Granger,1229,49205,30.7176929,-97.44278,east,https://directory.tml.org/profile/city/1127,"[30.7176929, -97.44278]"
Granjeno,358,28750,26.1347979,-98.3047363,east,https://directory.tml.org/profile/city/1486,"[26.1347979, -98.3047363]"
Grapeland,1830,34643,31.4936922,-95.4789863,east,https://directory.tml.org/profile/city/1129,"[31.4936922, -95.4789863]"
Gregory,2231,35761,27.9222444,-97.2899915,east,https://directory.tml.org/profile/city/1132,"[27.9222444, -97.2899915]"
Groesbeck,3729,43750,31.5243379,-96.5338693,east,https://directory.tml.org/profile/city/1133,"[31.5243379, -96.5338693]"
Groveton,868,35317,31.0553605,-95.1266751,east,https://directory.tml.org/profile/city/1679,"[31.0553605, -95.1266751]"
Gruver,1634,50804,36.2650314,-101.4062723,west,https://directory.tml.org/profile/city/614,"[36.2650314, -101.4062723]"
Hale Center,2049,40000,34.0642436,-101.8437866,west,https://directory.tml.org/profile/city/1139,"[34.0642436, -101.8437866]"
Hallettsville,2709,44000,29.4438528,-96.9410929,east,https://directory.tml.org/profile/city/1140,"[29.4438528, -96.9410929]"
Hallsburg,501,51964,31.5387793,-96.9561053,east,https://directory.tml.org/profile/city/1141,"[31.5387793, -96.9561053]"
Hamilton,2885,38698,31.7037655,-98.1239231,west,https://directory.tml.org/profile/city/1144,"[31.7037655, -98.1239231]"
Hardin,696,46607,30.1524348,-94.739089,east,https://directory.tml.org/profile/city/1893,"[30.1524348, -94.739089]"
Hart,1092,40455,34.3850726,-102.1157408,west,https://directory.tml.org/profile/city/1895,"[34.3850726, -102.1157408]"
Haskell,3013,53651,33.1576031,-99.7337014,west,https://directory.tml.org/profile/city/604,"[33.1576031, -99.7337014]"
Hawk Cove,530,39861,32.8851053,-96.082225,east,https://directory.tml.org/profile/city/452,"[32.8851053, -96.082225]"
Hawley,480,45875,32.6120643,-99.8142586,west,https://directory.tml.org/profile/city/1896,"[32.6120643, -99.8142586]"
Hays,148,55000,30.1227118,-97.8722281,east,https://directory.tml.org/profile/city/1151,"[30.1227118, -97.8722281]"
Hearne,4549,28869,30.8785238,-96.5930258,east,https://directory.tml.org/profile/city/1152,"[30.8785238, -96.5930258]"
Hedley,262,44583,34.8669964,-100.6604111,west,https://directory.tml.org/profile/city/1154,"[34.8669964, -100.6604111]"
Hemphill,1411,32759,31.3417042,-93.8479108,east,https://directory.tml.org/profile/city/1156,"[31.3417042, -93.8479108]"
Hempstead,5709,37043,30.0974405,-96.0782918,east,https://directory.tml.org/profile/city/1157,"[30.0974405, -96.0782918]"
Hico,1721,32813,31.9829253,-98.0336454,west,https://directory.tml.org/profile/city/1162,"[31.9829253, -98.0336454]"
Hillsboro,8193,48281,32.0109886,-97.1300061,east,https://directory.tml.org/profile/city/1168,"[32.0109886, -97.1300061]"
Hondo,8332,53603,29.3474565,-99.1414249,west,https://directory.tml.org/profile/city/957,"[29.3474565, -99.1414249]"
Honey Grove,2128,44514,33.5834377,-95.9099681,east,https://directory.tml.org/profile/city/958,"[33.5834377, -95.9099681]"
Hooks,2553,51734,33.4662328,-94.2885306,east,https://directory.tml.org/profile/city/959,"[33.4662328, -94.2885306]"
Hubbard,1428,32708,31.8484935,-96.797215,east,https://directory.tml.org/profile/city/963,"[31.8484935, -96.797215]"
Hudson,4912,45520,31.3295214,-94.7820591,east,https://directory.tml.org/profile/city/964,"[31.3295214, -94.7820591]"
Hughes Springs,1342,43500,32.998462,-94.6307585,east,https://directory.tml.org/profile/city/966,"[32.998462, -94.6307585]"
Huntington,3371,41042,31.2776969,-94.5770539,east,https://directory.tml.org/profile/city/968,"[31.2776969, -94.5770539]"
Hutchins,5613,40129,32.6492999,-96.7130521,east,https://directory.tml.org/profile/city/971,"[32.6492999, -96.7130521]"
Idalou,2068,51827,33.6664733,-101.6829424,west,https://directory.tml.org/profile/city/974,"[33.6664733, -101.6829424]"
Ingram,1926,44938,30.0774307,-99.2403213,west,https://directory.tml.org/profile/city/977,"[30.0774307, -99.2403213]"
Iola,259,52813,30.7725123,-96.0739795,east,https://directory.tml.org/profile/city/39221,"[30.7725123, -96.0739795]"
Iredell,360,35972,31.9851488,-97.8719741,west,https://directory.tml.org/profile/city/980,"[31.9851488, -97.8719741]"
Itasca,1504,42059,32.1595947,-97.1500074,east,https://directory.tml.org/profile/city/983,"[32.1595947, -97.1500074]"
Ivanhoe,1554,47969,30.6803065,-94.4148912,east,https://directory.tml.org/profile/city/47876,"[30.6803065, -94.4148912]"
Jacinto City,9734,46582,29.7677258,-95.2338319,east,https://directory.tml.org/profile/city/984,"[29.7677258, -95.2338319]"
Jacksboro,4146,36855,33.2184477,-98.1586558,west,https://directory.tml.org/profile/city/985,"[33.2184477, -98.1586558]"
Jasper,7070,36202,30.920823,-93.9968812,east,https://directory.tml.org/profile/city/988,"[30.920823, -93.9968812]"
Jefferson,2242,43247,32.7573626,-94.3451926,east,https://directory.tml.org/profile/city/989,"[32.7573626, -94.3451926]"
Jewett,777,36250,31.3615664,-96.1441315,east,https://directory.tml.org/profile/city/991,"[31.3615664, -96.1441315]"
Joaquin,728,30865,31.9665156,-94.0562968,east,https://directory.tml.org/profile/city/992,"[31.9665156, -94.0562968]"
Johnson City,1629,46667,30.2767408,-98.4119811,east,https://directory.tml.org/profile/city/993,"[30.2767408, -98.4119811]"
Junction,2591,50196,30.4893555,-99.7720109,west,https://directory.tml.org/profile/city/997,"[30.4893555, -99.7720109]"
Karnes City,3271,49459,28.8849772,-97.9008355,east,https://directory.tml.org/profile/city/999,"[28.8849772, -97.9008355]"
Kaufman,6796,52019,32.5890238,-96.3088693,east,https://directory.tml.org/profile/city/1001,"[32.5890238, -96.3088693]"
Keene,6254,46497,32.3968092,-97.3239042,east,https://directory.tml.org/profile/city/1002,"[32.3968092, -97.3239042]"
Kemp,1357,46944,32.4426403,-96.2299771,east,https://directory.tml.org/profile/city/1005,"[32.4426403, -96.2299771]"
Kendleton,341,41250,29.4507991,-95.9946785,east,https://directory.tml.org/profile/city/1887,"[29.4507991, -95.9946785]"
Kenedy,3626,29426,28.8191468,-97.8486123,east,https://directory.tml.org/profile/city/1006,"[28.8191468, -97.8486123]"
Kennard,383,47708,31.3595701,-95.1846665,east,https://directory.tml.org/profile/city/1921,"[31.3595701, -95.1846665]"
Kerens,2308,41136,32.1332079,-96.2277529,east,https://directory.tml.org/profile/city/411,"[32.1332079, -96.2277529]"
Kirby,8134,48657,29.4596134,-98.3812895,east,https://directory.tml.org/profile/city/1012,"[29.4596134, -98.3812895]"
Kirbyville,2405,26708,30.658698,-93.8939722,east,https://directory.tml.org/profile/city/1013,"[30.658698, -93.8939722]"
Knollwood,416,37500,33.6895497,-96.6191596,east,https://directory.tml.org/profile/city/1672,"[33.6895497, -96.6191596]"
Kress,742,42823,34.3664546,-101.7485133,west,https://directory.tml.org/profile/city/1017,"[34.3664546, -101.7485133]"
Lacy-Lakeview,6968,39234,31.629214,-97.1030391,east,https://directory.tml.org/profile/city/1019,"[31.629214, -97.1030391]"
La Feria,6894,35722,26.1591043,-97.824093,east,https://directory.tml.org/profile/city/1021,"[26.1591043, -97.824093]"
La Grange,4407,48527,29.9055033,-96.876647,east,https://directory.tml.org/profile/city/1023,"[29.9055033, -96.876647]"
La Grulla,1402,36058,26.2695148,-98.6472456,east,https://directory.tml.org/profile/city/1928,"[26.2695148, -98.6472456]"
La Joya,4486,30692,26.2470165,-98.4814092,east,https://directory.tml.org/profile/city/1929,"[26.2470165, -98.4814092]"
Lamesa,8685,36351,32.7376001,-101.950992,west,https://directory.tml.org/profile/city/1035,"[32.7376001, -101.950992]"
Latexo,372,38958,31.394675,-95.4760213,east,https://directory.tml.org/profile/city/1941,"[31.394675, -95.4760213]"
La Villa,2646,53981,26.2986827,-97.9286117,east,https://directory.tml.org/profile/city/1930,"[26.2986827, -97.9286117]"
Leakey,445,0,29.7288351,-99.761448,west,https://directory.tml.org/profile/city/1947,"[29.7288351, -99.761448]"
Leary,623,48229,33.460123,-94.2076945,east,https://directory.tml.org/profile/city/1042,"[33.460123, -94.2076945]"
Leona,309,0,31.1546279,-95.9691234,east,https://directory.tml.org/profile/city/1949,"[31.1546279, -95.9691234]"
Leonard,2452,48614,33.3795549,-96.2474785,east,https://directory.tml.org/profile/city/1043,"[33.3795549, -96.2474785]"
Liberty,8227,53734,30.057993,-94.7954783,east,https://directory.tml.org/profile/city/1049,"[30.057993, -94.7954783]"
Linden,1791,39868,33.0123537,-94.3654707,east,https://directory.tml.org/profile/city/1051,"[33.0123537, -94.3654707]"
Littlefield,5991,45101,33.9173148,-102.3249022,west,https://directory.tml.org/profile/city/1055,"[33.9173148, -102.3249022]"
Liverpool,531,46250,29.2949612,-95.2788231,east,https://directory.tml.org/profile/city/1057,"[29.2949612, -95.2788231]"
Llano,3301,48519,30.7593452,-98.6750379,west,https://directory.tml.org/profile/city/1059,"[30.7593452, -98.6750379]"
Log Cabin,910,48875,32.2223716,-96.0219132,east,https://directory.tml.org/profile/city/583,"[32.2223716, -96.0219132]"
Lometa,672,36776,31.2171118,-98.3933692,west,https://directory.tml.org/profile/city/844,"[31.2171118, -98.3933692]"
Lone Oak,591,54844,32.9968197,-95.9401641,east,https://directory.tml.org/profile/city/427,"[32.9968197, -95.9401641]"
Lone Star,1798,39961,32.9440186,-94.7071506,east,https://directory.tml.org/profile/city/425,"[32.9440186, -94.7071506]"
Lorenzo,1020,33008,33.6706408,-101.5351611,west,https://directory.tml.org/profile/city/624,"[33.6706408, -101.5351611]"
Los Fresnos,8023,36784,26.0717438,-97.4763733,east,https://directory.tml.org/profile/city/848,"[26.0717438, -97.4763733]"
Los Ybanez,12,0,32.7189902,-101.9173774,west,https://directory.tml.org/profile/city/1955,"[32.7189902, -101.9173774]"
Lott,842,40792,31.203512,-97.0366591,east,https://directory.tml.org/profile/city/1174,"[31.203512, -97.0366591]"
Lovelady,613,50214,31.1268207,-95.44555,east,https://directory.tml.org/profile/city/850,"[31.1268207, -95.44555]"
Lueders,266,29000,32.8015043,-99.6189758,west,https://directory.tml.org/profile/city/852,"[32.8015043, -99.6189758]"
Luling,5411,54172,29.6805066,-97.647498,east,https://directory.tml.org/profile/city/854,"[29.6805066, -97.647498]"
Lyford,2494,39896,26.4122916,-97.7897176,east,https://directory.tml.org/profile/city/855,"[26.4122916, -97.7897176]"
McCamey,1718,46250,31.1322516,-102.2222058,west,https://directory.tml.org/profile/city/875,"[31.1322516, -102.2222058]"
McGregor,5345,53663,31.4440557,-97.4091792,east,https://directory.tml.org/profile/city/876,"[31.4440557, -97.4091792]"
Malakoff,2479,40208,32.1695965,-96.0124678,east,https://directory.tml.org/profile/city/860,"[32.1695965, -96.0124678]"
Marble Falls,6892,48239,30.5782297,-98.2729184,east,https://directory.tml.org/profile/city/865,"[30.5782297, -98.2729184]"
Marfa,1838,39604,30.3094622,-104.020623,west,https://directory.tml.org/profile/city/866,"[30.3094622, -104.020623]"
Marion,1084,54769,29.5709655,-98.1420491,east,https://directory.tml.org/profile/city/867,"[29.5709655, -98.1420491]"
Marlin,5512,28061,31.3062874,-96.8980439,east,https://directory.tml.org/profile/city/868,"[31.3062874, -96.8980439]"
Mart,2144,49904,31.5423911,-96.8336015,east,https://directory.tml.org/profile/city/419,"[31.5423911, -96.8336015]"
Mathis,4413,31023,28.0944558,-97.8280543,east,https://directory.tml.org/profile/city/872,"[28.0944558, -97.8280543]"
Maud,1124,47734,33.3329014,-94.3426964,east,https://directory.tml.org/profile/city/873,"[33.3329014, -94.3426964]"
Memphis,2208,41685,34.7247758,-100.5340144,west,https://directory.tml.org/profile/city/881,"[34.7247758, -100.5340144]"
Menard,1336,38563,30.9176736,-99.7864587,west,https://directory.tml.org/profile/city/882,"[30.9176736, -99.7864587]"
Mexia,6946,34541,31.6798895,-96.482203,east,https://directory.tml.org/profile/city/888,"[31.6798895, -96.482203]"
Midway,270,54375,31.0260203,-95.7505033,east,https://directory.tml.org/profile/city/594,"[31.0260203, -95.7505033]"
Mineola,4829,42153,32.6631884,-95.4882896,east,https://directory.tml.org/profile/city/893,"[32.6631884, -95.4882896]"
Mingus,302,36058,32.537908,-98.4222732,west,https://directory.tml.org/profile/city/1982,"[32.537908, -98.4222732]"
Mobile City,279,40272,32.9226225,-96.4110959,east,https://directory.tml.org/profile/city/1652,"[32.9226225, -96.4110959]"
Moody,1385,47500,31.3082273,-97.3613977,east,https://directory.tml.org/profile/city/900,"[31.3082273, -97.3613977]"
Moore Station,144,46528,32.181821,-95.5669032,east,https://directory.tml.org/profile/city/1987,"[32.181821, -95.5669032]"
Moran,164,30833,32.5476245,-99.1659072,west,https://directory.tml.org/profile/city/901,"[32.5476245, -99.1659072]"
Morgan,439,40313,32.0187622,-97.6083551,east,https://directory.tml.org/profile/city/902,"[32.0187622, -97.6083551]"
Morton,1579,35357,33.7250974,-102.7593763,west,https://directory.tml.org/profile/city/905,"[33.7250974, -102.7593763]"
Mount Calm,419,41793,31.7562739,-96.8791613,east,https://directory.tml.org/profile/city/907,"[31.7562739, -96.8791613]"
Mount Enterprise,351,50375,31.9179473,-94.6810439,east,https://directory.tml.org/profile/city/1989,"[31.9179473, -94.6810439]"
Munday,1260,54595,33.4492628,-99.6228637,west,https://directory.tml.org/profile/city/912,"[33.4492628, -99.6228637]"
Murchison,426,53750,32.2784819,-95.7496858,east,https://directory.tml.org/profile/city/913,"[32.2784819, -95.7496858]"
Naples,1639,41765,33.2031774,-94.6802055,east,https://directory.tml.org/profile/city/916,"[33.2031774, -94.6802055]"
Nash,3714,42697,33.4423462,-94.130747,east,https://directory.tml.org/profile/city/917,"[33.4423462, -94.130747]"
Navasota,7614,43409,30.3879845,-96.0877349,east,https://directory.tml.org/profile/city/920,"[30.3879845, -96.0877349]"
Newark,1100,45313,33.0012356,-97.4844657,west,https://directory.tml.org/profile/city/923,"[33.0012356, -97.4844657]"
New Boston,4631,53065,33.4598415,-94.4154787,east,https://directory.tml.org/profile/city/925,"[33.4598415, -94.4154787]"
Newcastle,677,46667,33.1940005,-98.738673,west,https://directory.tml.org/profile/city/927,"[33.1940005, -98.738673]"
New Chapel Hill,758,52639,32.3051516,-95.1730025,east,https://directory.tml.org/profile/city/1999,"[32.3051516, -95.1730025]"
New London,1188,48533,32.2387667,-94.9404949,east,https://directory.tml.org/profile/city/929,"[32.2387667, -94.9404949]"
Newton,2042,37115,30.8485724,-93.7600658,east,https://directory.tml.org/profile/city/931,"[30.8485724, -93.7600658]"
New Waverly,1214,41550,30.5377007,-95.483276,east,https://directory.tml.org/profile/city/932,"[30.5377007, -95.483276]"
Nocona,2998,34300,33.7867684,-97.7258626,west,https://directory.tml.org/profile/city/934,"[33.7867684, -97.7258626]"
Noonday,488,54091,32.2356362,-95.4066572,east,https://directory.tml.org/profile/city/2004,"[32.2356362, -95.4066572]"
Nordheim,464,40417,28.9210896,-97.6097188,east,https://directory.tml.org/profile/city/937,"[28.9210896, -97.6097188]"
Novice,114,19643,31.9895873,-99.6236862,west,https://directory.tml.org/profile/city/2011,"[31.9895873, -99.6236862]"
O'Brien,95,31250,33.3800959,-99.8437036,west,https://directory.tml.org/profile/city/2014,"[33.3800959, -99.8437036]"
Odem,1965,41620,27.9505741,-97.5822172,east,https://directory.tml.org/profile/city/942,"[27.9505741, -97.5822172]"
Oglesby,563,53571,31.4185003,-97.5072379,east,https://directory.tml.org/profile/city/1634,"[31.4185003, -97.5072379]"
Olney,3021,36875,33.370663,-98.7528394,west,https://directory.tml.org/profile/city/947,"[33.370663, -98.7528394]"
Omaha,1047,51184,33.180677,-94.7440964,east,https://directory.tml.org/profile/city/949,"[33.180677, -94.7440964]"
Orchard,219,43250,29.6041269,-95.9696778,east,https://directory.tml.org/profile/city/1759,"[29.6041269, -95.9696778]"
Ore City,1085,39688,32.8001354,-94.7207634,east,https://directory.tml.org/profile/city/736,"[32.8001354, -94.7207634]"
Overton,3023,49167,32.2745983,-94.9785515,east,https://directory.tml.org/profile/city/737,"[32.2745983, -94.9785515]"
Oyster Creek,1179,32339,29.0030239,-95.3318823,east,https://directory.tml.org/profile/city/739,"[29.0030239, -95.3318823]"
Palacios,4446,50333,28.7080461,-96.217467,east,https://directory.tml.org/profile/city/461,"[28.7080461, -96.217467]"
Pearsall,7888,43684,28.8921939,-99.095033,west,https://directory.tml.org/profile/city/753,"[28.8921939, -99.095033]"
Pelican Bay,1833,44375,32.9209592,-97.5183556,west,https://directory.tml.org/profile/city/1769,"[32.9209592, -97.5183556]"
Penitas,6206,46135,26.2306281,-98.4447412,east,https://directory.tml.org/profile/city/1450,"[26.2306281, -98.4447412]"
Petersburg,863,34167,33.8695249,-101.5973877,west,https://directory.tml.org/profile/city/756,"[33.8695249, -101.5973877]"
Petrolia,380,38125,34.0131515,-98.2322669,west,https://directory.tml.org/profile/city/757,"[34.0131515, -98.2322669]"
Petronila,78,0,27.671975,-97.6358282,east,https://directory.tml.org/profile/city/1451,"[27.671975, -97.6358282]"
Pinehurst,2333,44893,30.1071543,-93.7746117,east,https://directory.tml.org/profile/city/762,"[30.1071543, -93.7746117]"
Pineland,1120,28924,31.2507519,-93.9734065,east,https://directory.tml.org/profile/city/763,"[31.2507519, -93.9734065]"
Pittsburg,4351,37368,32.9954021,-94.9657688,east,https://directory.tml.org/profile/city/764,"[32.9954021, -94.9657688]"
Point,1101,44191,32.9315089,-95.8713542,east,https://directory.tml.org/profile/city/903,"[32.9315089, -95.8713542]"
Point Blank,976,53606,30.7477925,-95.218959,east,https://directory.tml.org/profile/city/1531,"[30.7477925, -95.218959]"
Port Isabel,5208,36649,26.0734119,-97.2085844,east,https://directory.tml.org/profile/city/773,"[26.0734119, -97.2085844]"
Post,4571,47143,33.1909283,-101.3781941,west,https://directory.tml.org/profile/city/777,"[33.1909283, -101.3781941]"
Prairie View,6464,16914,30.0932737,-95.9877339,east,https://directory.tml.org/profile/city/781,"[30.0932737, -95.9877339]"
Premont,2591,41376,27.3605947,-98.1236151,east,https://directory.tml.org/profile/city/782,"[27.3605947, -98.1236151]"
Presidio,3420,21496,29.5607383,-104.3721465,west,https://directory.tml.org/profile/city/784,"[29.5607383, -104.3721465]"
Progreso,4941,38214,26.0922991,-97.9572242,east,https://directory.tml.org/profile/city/1738,"[26.0922991, -97.9572242]"
Quanah,2083,51806,34.297855,-99.7403718,west,https://directory.tml.org/profile/city/787,"[34.297855, -99.7403718]"
Queen City,1273,36944,33.1487411,-94.150187,east,https://directory.tml.org/profile/city/788,"[33.1487411, -94.150187]"
Quinlan,1632,41765,32.9103474,-96.1344371,east,https://directory.tml.org/profile/city/789,"[32.9103474, -96.1344371]"
Quitaque,327,41579,34.3661771,-101.0570931,west,https://directory.tml.org/profile/city/791,"[34.3661771, -101.0570931]"
Quitman,2227,53601,32.7959605,-95.4510641,east,https://directory.tml.org/profile/city/792,"[32.7959605, -95.4510641]"
Ralls,1612,43571,33.6787302,-101.3844226,west,https://directory.tml.org/profile/city/793,"[33.6787302, -101.3844226]"
Ranger,2820,32917,32.4698522,-98.6789477,west,https://directory.tml.org/profile/city/795,"[32.4698522, -98.6789477]"
Redwater,1013,48125,33.3581802,-94.2543607,east,https://directory.tml.org/profile/city/588,"[33.3581802, -94.2543607]"
Reklaw,376,42500,31.8626716,-94.9877175,east,https://directory.tml.org/profile/city/800,"[31.8626716, -94.9877175]"
Rio Bravo,4505,33149,27.3641887,-99.4800415,east,https://directory.tml.org/profile/city/406,"[27.3641887, -99.4800415]"
Rio Hondo,2132,36579,26.2353516,-97.5819319,east,https://directory.tml.org/profile/city/808,"[26.2353516, -97.5819319]"
Robert Lee,1092,27222,31.8923657,-100.4848211,west,https://directory.tml.org/profile/city/814,"[31.8923657, -100.4848211]"
Rockdale,5378,38636,30.6554759,-97.0013744,east,https://directory.tml.org/profile/city/816,"[30.6554759, -97.0013744]"
Ropesville,457,42500,33.4134229,-102.1543406,west,https://directory.tml.org/profile/city/823,"[33.4134229, -102.1543406]"
Roscoe,1410,48036,32.445952,-100.5387183,west,https://directory.tml.org/profile/city/824,"[32.445952, -100.5387183]"
Rosebud,1442,35121,31.0729608,-96.9785993,east,https://directory.tml.org/profile/city/825,"[31.0729608, -96.9785993]"
Rose City,398,34219,30.1032495,-94.0520894,east,https://directory.tml.org/profile/city/1791,"[30.1032495, -94.0520894]"
Ross,250,52159,31.7184962,-97.1191695,east,https://directory.tml.org/profile/city/1218,"[31.7184962, -97.1191695]"
Rotan,1171,40402,32.8520496,-100.4656648,west,https://directory.tml.org/profile/city/827,"[32.8520496, -100.4656648]"
Roxton,578,46429,33.5462168,-95.7257949,east,https://directory.tml.org/profile/city/1794,"[33.5462168, -95.7257949]"
Rusk,5501,52102,31.7960064,-95.1502214,east,https://directory.tml.org/profile/city/835,"[31.7960064, -95.1502214]"
Sabinal,780,25000,29.3174576,-99.4664354,west,https://directory.tml.org/profile/city/836,"[29.3174576, -99.4664354]"
Sadler,430,48170,33.6826063,-96.8483346,east,https://directory.tml.org/profile/city/1796,"[33.6826063, -96.8483346]"
San Augustine,1821,26838,31.5296413,-94.1119678,east,https://directory.tml.org/profile/city/626,"[31.5296413, -94.1119678]"
San Diego,3705,42148,27.7639145,-98.2388953,east,https://directory.tml.org/profile/city/628,"[27.7639145, -98.2388953]"
Sandy Oaks,4965,47094,29.1828583,-98.4070316,east,https://directory.tml.org/profile/city/69559,"[29.1828583, -98.4070316]"
San Patricio,376,54375,27.9544619,-97.7719419,east,https://directory.tml.org/profile/city/1798,"[27.9544619, -97.7719419]"
San Perlita,697,28250,26.5011785,-97.6397111,east,https://directory.tml.org/profile/city/1797,"[26.5011785, -97.6397111]"
San Saba,3121,39583,31.1957234,-98.718098,west,https://directory.tml.org/profile/city/634,"[31.1957234, -98.718098]"
Sansom Park,5363,54007,32.8059619,-97.4030744,east,https://directory.tml.org/profile/city/635,"[32.8059619, -97.4030744]"
Savoy,943,51625,33.5992726,-96.3666506,east,https://directory.tml.org/profile/city/639,"[33.5992726, -96.3666506]"
Schulenburg,2639,43682,29.6819003,-96.9030365,east,https://directory.tml.org/profile/city/641,"[29.6819003, -96.9030365]"
Scottsville,315,46875,32.5404281,-94.2382471,east,https://directory.tml.org/profile/city/1888,"[32.5404281, -94.2382471]"
Seadrift,1317,41465,28.4152807,-96.7135933,east,https://directory.tml.org/profile/city/644,"[28.4152807, -96.7135933]"
Seagraves,2942,48229,32.9442651,-102.564915,west,https://directory.tml.org/profile/city/646,"[32.9442651, -102.564915]"
Seven Oaks,124,50990,30.8532056,-94.8552386,east,https://directory.tml.org/profile/city/1802,"[30.8532056, -94.8552386]"
Seven Points,1339,38983,32.3204226,-96.2130315,east,https://directory.tml.org/profile/city/651,"[32.3204226, -96.2130315]"
Seymour,2940,43393,33.5942608,-99.2603531,west,https://directory.tml.org/profile/city/652,"[33.5942608, -99.2603531]"
Shamrock,2033,38958,35.2142167,-100.2490075,west,https://directory.tml.org/profile/city/654,"[35.2142167, -100.2490075]"
Shenandoah,3350,52140,30.1802151,-95.4557726,east,https://directory.tml.org/profile/city/656,"[30.1802151, -95.4557726]"
Shepherd,2206,44750,30.4977012,-94.9966213,east,https://directory.tml.org/profile/city/657,"[30.4977012, -94.9966213]"
Silsbee,6822,53781,30.3490976,-94.1779624,east,https://directory.tml.org/profile/city/661,"[30.3490976, -94.1779624]"
Silverton,701,37895,34.4742306,-101.3046051,west,https://directory.tml.org/profile/city/662,"[34.4742306, -101.3046051]"
Sinton,5557,37891,28.0366818,-97.5091611,east,https://directory.tml.org/profile/city/663,"[28.0366818, -97.5091611]"
Slaton,5886,47050,33.4373113,-101.6434915,west,https://directory.tml.org/profile/city/665,"[33.4373113, -101.6434915]"
Smiley,542,32250,29.2677433,-97.6358283,east,https://directory.tml.org/profile/city/1807,"[29.2677433, -97.6358283]"
Somerville,1249,47188,30.3460432,-96.5283022,east,https://directory.tml.org/profile/city/669,"[30.3460432, -96.5283022]"
South Frydek,169,0,29.7532888,-96.0882925,east,https://directory.tml.org/profile/city/94128,"[29.7532888, -96.0882925]"
Spearman,2935,37188,36.1983665,-101.1923795,west,https://directory.tml.org/profile/city/676,"[36.1983665, -101.1923795]"
Spur,738,34688,33.4764767,-100.8556857,west,https://directory.tml.org/profile/city/680,"[33.4764767, -100.8556857]"
Stamford,2941,45641,32.9453874,-99.8028709,west,https://directory.tml.org/profile/city/417,"[32.9453874, -99.8028709]"
Stanton,2665,54861,32.1292891,-101.7884642,west,https://directory.tml.org/profile/city/682,"[32.1292891, -101.7884642]"
Stinnett,1465,47411,35.8269841,-101.4429435,west,https://directory.tml.org/profile/city/686,"[35.8269841, -101.4429435]"
Stratford,1371,44231,36.3361402,-102.0721191,west,https://directory.tml.org/profile/city/613,"[36.3361402, -102.0721191]"
Strawn,616,41466,32.5520737,-98.498109,west,https://directory.tml.org/profile/city/688,"[32.5520737, -98.498109]"
Sullivan City,3940,36708,26.2775706,-98.563633,east,https://directory.tml.org/profile/city/1474,"[26.2775706, -98.563633]"
Sundown,1424,50817,33.456207,-102.4893574,west,https://directory.tml.org/profile/city/692,"[33.456207, -102.4893574]"
Sun Valley,61,0,33.6645513,-95.4282875,east,https://directory.tml.org/profile/city/1820,"[33.6645513, -95.4282875]"
Taft,2844,51031,27.9789074,-97.3986041,east,https://directory.tml.org/profile/city/700,"[27.9789074, -97.3986041]"
Tahoka,2350,39142,33.1667601,-101.7937669,west,https://directory.tml.org/profile/city/701,"[33.1667601, -101.7937669]"
Talco,577,30324,33.3626129,-95.1046638,east,https://directory.tml.org/profile/city/1821,"[33.3626129, -95.1046638]"
Tatum,1234,46250,32.3159894,-94.5165913,east,https://directory.tml.org/profile/city/702,"[32.3159894, -94.5165913]"
Three Rivers,1598,38674,28.4602717,-98.1825071,east,https://directory.tml.org/profile/city/720,"[28.4602717, -98.1825071]"
Timpson,1132,35052,31.9060697,-94.3971134,east,https://directory.tml.org/profile/city/723,"[31.9060697, -94.3971134]"
Toco,40,54375,33.6548268,-95.6460712,east,https://directory.tml.org/profile/city/1840,"[33.6548268, -95.6460712]"
Trinidad,886,31875,32.1440417,-96.0910813,east,https://directory.tml.org/profile/city/730,"[32.1440417, -96.0910813]"
Trinity,2639,28565,30.9463502,-95.3733874,east,https://directory.tml.org/profile/city/731,"[30.9463502, -95.3733874]"
Troup,2200,42991,32.1446035,-95.1205003,east,https://directory.tml.org/profile/city/733,"[32.1446035, -95.1205003]"
Tulia,4501,33767,34.5358942,-101.7585159,west,https://directory.tml.org/profile/city/515,"[34.5358942, -101.7585159]"
Turkey,250,42750,34.3925639,-100.8976408,west,https://directory.tml.org/profile/city/1847,"[34.3925639, -100.8976408]"
Tuscola,719,54375,32.2095776,-99.7967542,west,https://directory.tml.org/profile/city/516,"[32.2095776, -99.7967542]"
Tye,1211,48872,32.4576239,-99.8714811,west,https://directory.tml.org/profile/city/424,"[32.4576239, -99.8714811]"
Uncertain,87,0,32.7120883,-94.1212965,east,https://directory.tml.org/profile/city/1851,"[32.7120883, -94.1212965]"
Valley Mills,1295,44417,31.6593282,-97.472238,east,https://directory.tml.org/profile/city/521,"[31.6593282, -97.472238]"
Vidor,9944,53091,30.1316001,-94.0154541,east,https://directory.tml.org/profile/city/530,"[30.1316001, -94.0154541]"
Von Ormy,1165,33000,29.2799247,-98.6539275,east,https://directory.tml.org/profile/city/42012,"[29.2799247, -98.6539275]"
Waelder,1026,49485,29.6952312,-97.2986015,east,https://directory.tml.org/profile/city/532,"[29.6952312, -97.2986015]"
Waller,3337,36964,30.0566085,-95.9268986,east,https://directory.tml.org/profile/city/464,"[30.0566085, -95.9268986]"
Wallis,1568,35378,29.6313486,-96.0652362,east,https://directory.tml.org/profile/city/534,"[29.6313486, -96.0652362]"
Walnut Springs,785,33438,32.0576479,-97.749471,east,https://directory.tml.org/profile/city/535,"[32.0576479, -97.749471]"
Waskom,1818,43011,32.4787644,-94.0596305,east,https://directory.tml.org/profile/city/537,"[32.4787644, -94.0596305]"
Weinert,192,43182,33.3225988,-99.6725879,west,https://directory.tml.org/profile/city/1861,"[33.3225988, -99.6725879]"
Wellington,2099,36701,34.856166,-100.2137263,west,https://directory.tml.org/profile/city/543,"[34.856166, -100.2137263]"
West,2557,49494,31.8023057,-97.0909551,east,https://directory.tml.org/profile/city/1107,"[31.8023057, -97.0909551]"
West Tawakoni,1940,48984,32.9035592,-96.0381128,east,https://directory.tml.org/profile/city/548,"[32.9035592, -96.0381128]"
Wharton,8595,42555,29.3116366,-96.1027371,east,https://directory.tml.org/profile/city/550,"[29.3116366, -96.1027371]"
Wheeler,1425,50769,35.4453257,-100.2709552,west,https://directory.tml.org/profile/city/551,"[35.4453257, -100.2709552]"
Willis,6410,53442,30.4249276,-95.4799418,east,https://directory.tml.org/profile/city/561,"[30.4249276, -95.4799418]"
Wills Point,3724,44175,32.7092955,-96.0083018,east,https://directory.tml.org/profile/city/562,"[32.7092955, -96.0083018]"
Wilson,377,37750,33.3170352,-101.7240454,west,https://directory.tml.org/profile/city/1883,"[33.3170352, -101.7240454]"
Winters,2565,39551,31.9565343,-99.962313,west,https://directory.tml.org/profile/city/567,"[31.9565343, -99.962313]"
Wolfe City,1269,44788,33.3706695,-96.0687562,east,https://directory.tml.org/profile/city/568,"[33.3706695, -96.0687562]"
Yoakum,5815,42882,29.2877469,-97.151931,east,https://directory.tml.org/profile/city/576,"[29.2877469, -97.151931]"
Zavalla,690,31397,31.1570066,-94.4175741,east,https://directory.tml.org/profile/city/578,"[31.1570066, -94.4175741]"
